{
  "b": [
    377.04192913735557,
    327.18334697503724,
    290.87367062784244
  ],
  "C": [
    [
      6.159277756854491e-05,
      0.0,
      0.0
    ],
    [
      8.424884872118783e-08,
      6.265858474345229e-05,
      0.0
    ],
    [
      5.0415091312273054e-08,
      -1.2909179412446405e-07,
      6.024343164752012e-05
    ]
  ],
  "Q": [
    [
      3.793679888158192e-09,
      5.272405452546389e-12,
      3.037178107474407e-12
    ],
    [
      5.272405452546389e-12,
      3.9261149067437026e-09,
      -7.77693267559289e-12
    ],
    [
      3.037178107474407e-12,
      -7.77693267559289e-12,
      3.629271056669429e-09
    ]
  ],
  "p": [
    -1.432984861967797e-06,
    -1.2842852287664379e-06,
    -1.054260054587601e-06
  ],
  "f": -0.9987328513917264,
  "eigenvalues": [
    3.629006234769367e-09,
    3.79353819671093e-09,
    3.9265214200910274e-09
  ],
  "semi_axes": [
    16599.925648659246,
    16235.952398506328,
    15958.64502046539
  ],
  "eigenvectors": [
    [
      -0.019282280117615142,
      -0.9990508980774416,
      -0.039057607762419566
    ],
    [
      0.02650349566486876,
      0.038540390241541135,
      -0.9989055025564592
    ],
    [
      0.9994627348685935,
      -0.020296338849332216,
      0.025735194545699003
    ]
  ],
  "euler_zyx_deg": [
    126.03728467406742,
    -88.12175862036577,
    -38.2614594718195
  ]
}